Id,Actual Value,Predicted Value,Accuracy (%)
1461,173000,193145.2127,88.3553684
1462,150900,171270.3126,86.50078687
1463,173500,161951.4095,93.34375185
1464,246578,224970.6926,91.2371309
1465,227680,216214.5136,94.96421014
1466,214000,213828.5221,99.91987013
1467,154000,185918.9389,79.27341631
1468,95000,130631.3358,62.49333077
1469,64500,104993.6528,37.21914301
1470,171000,160437.0988,93.82286477
1471,153900,164198.619,93.30823978
1472,185000,175319.5705,94.76733542
1473,318061,314904.338,99.00752936
1474,122000,185581.8129,47.8837599
1475,159000,174436.3265,90.29161858
1476,167900,171068.277,98.1129976
1477,139000,147777.3191,93.68538191
1478,160000,131085.3176,81.92832352
1479,277000,253579.8612,91.54507626
1480,145500,140995.832,96.90435191
1481,173000,164907.5767,95.32229867
1482,145000,153258.4939,94.30448696
1483,239000,260693.5968,90.92318125
1484,134432,148885.5821,89.24840653
1485,175000,162915.0745,93.09432828
1486,180000,167564.0868,93.09115932
1487,129500,128279.0651,99.05719312
1488,244400,243786.8213,99.74910856
1489,234000,235376.5281,99.41174011
1490,152000,155278.0428,97.84339291
1491,81000,90070.90143,88.80135626
1492,159950,141527.8806,88.48257616
1493,124500,127510.3075,97.58208235
1494,237000,213367.7098,90.02856954
1495,140000,144399.8623,96.85724118
1496,162900,187479.3691,84.91137561
1497,176000,170665.3578,96.9689533
1498,132500,139857.8192,94.44692891
1499,215200,207515.4404,96.42910799
1500,197500,179022.5524,90.64433031
1501,147000,121054.8239,82.35022033
1502,142500,145042.9436,98.21547817
1503,147000,287623.1457,4.337996142
1504,370878,334953.7845,90.31373782
1505,165500,159874.7021,96.60102843
1506,139000,132975.1602,95.66558288
1507,326000,332838.1008,97.90242306
1508,179900,160628.893,89.28787829
1509,134900,142479.51,94.38138622
1510,118000,118864.8823,99.26704889
1511,154000,144763.7168,94.0024135
1512,164700,167334.5234,98.40041082
1515,210000,206729.2607,98.4425051
1516,222000,231211.96,95.85046847
1517,232000,227903.4427,98.23424255
1518,135000,140654.1294,95.81175602
1519,187500,178896.2345,95.41132508
1520,137500,117058.4813,85.13344092
1521,90000,113040.8082,74.39910199
1522,132500,135107.0986,98.03237845
1523,538000,493965.587,91.81516487
1524,118000,128550.4784,91.05891662
1525,107000,148456.4602,61.25564472
1526,320000,451516.8138,58.90099569
1527,267000,281593.9231,94.53411119
1528,148500,154944.9872,95.65994128
1529,159434,126278.961,79.20453665
1530,116050,106958.5897,92.16595405
1531,144000,131089.3046,91.03423933
1532,324000,294452.3686,90.88036067
1533,173000,179320.0986,96.34676382
1534,178000,177732.1756,99.84953687
1535,197900,188664.1773,95.33308606
1536,257500,210845.4941,81.88174528
1537,128000,157956.6709,76.59635086
1538,130000,126654.5093,97.42654559
1539,250000,232020.1203,92.80804814
1540,178000,163525.6381,91.86833599
1541,127000,146081.9865,84.97481377
1542,98000,97700.41792,99.694304
1543,130500,133383.6083,97.79033847
1544,130250,127653.4455,98.00648407
1545,142000,134204.0667,94.50990611
1546,257000,238698.4299,92.87876651
1547,183000,207639.5925,86.53574181
1548,105000,108648.2662,96.52546078
1549,200000,185023.9768,92.5119884
1550,126000,113089.641,89.75368329
1551,222000,246509.4874,88.95969034
1552,475000,380600.8336,80.12649128
1553,128500,128816.6751,99.75356025
1554,118500,110258.5694,93.04520624
1555,120000,100306.4118,83.58867649
1556,180000,160349.8913,89.08327297
1557,228500,252586.2926,89.45895293
1558,154900,116433.3087,75.16675837
1559,465000,365634.29,78.6310301
1560,170000,160070.0478,94.15885167
1561,279500,224884.9054,80.45971572
1562,265900,221480.0974,83.29450823
1563,125500,109434.3849,87.19871303
1564,202500,193772.9749,95.69035797
1565,79500,109605.6187,62.13129728
1566,277500,282706.2416,98.12387688
1567,100000,119286.4924,80.71350757
1568,138000,141624.541,97.37352105
1569,83000,84446.76694,98.2569073
1570,149900,155239.9968,96.43762722
1571,149500,160124.5113,92.89330345
1572,262280,292437.0107,88.50197852
1573,350000,363190.1644,96.2313816
1574,336000,311823.9134,92.80473613
1575,137500,146951.0428,93.12651429
1576,141000,133279.2836,94.52431459
1577,187500,213705.9504,86.02349311
1578,94000,102126.1792,91.35512851
1579,284000,310292.1818,90.74218952
1580,162000,156309.4249,96.48729934
1581,250000,308917.0857,76.43316574
1582,320000,326025.608,98.1169975
1583,110000,124676.9048,86.65735927
1584,438780,379419.668,86.47150462
1585,137500,138693.1049,99.13228737
1586,179400,177235.7714,98.79362954
1587,140000,142743.8558,98.04010301
1588,154000,142304.6705,92.40563023
1589,136900,146345.5106,93.10043052
1590,132000,169873.0649,71.30828419
1591,163000,174778.4454,92.77395989
1592,179200,170613.1755,95.20824524
1593,124000,143504.1525,84.27084479
1594,148800,156802.8459,94.62174335
1595,170000,183994.9007,91.76770549
1596,260000,253875.6417,97.64447757
1597,105900,128256.4085,78.88913263
1598,157000,166173.2316,94.15717733
1599,128950,117580.228,91.18280574
1600,392000,232611.5496,59.33968102
1601,239686,319077.4785,66.87688123
1602,139950,138284.7029,98.8100771
1603,97000,98069.58464,98.89733543
1604,151500,140845.4641,92.96730307
1605,259000,257270.0128,99.33205126
1606,128000,122116.6582,95.40363921
1607,167000,156027.3646,93.42955964
1608,175900,226235.397,71.38408355
1609,165000,169084.4942,97.52454896
1610,139000,124191.3956,89.34632779
1611,217000,225645.9853,96.01567499
1612,114500,127468.9357,88.67341863
1613,109000,112209.0973,97.05587402
1614,152000,165325.2122,91.233413
1615,185900,196654.714,94.21478539
1616,213000,200837.5215,94.28991621
1617,161000,158051.7428,98.16878433
1618,158000,133391.585,84.42505379
1619,239000,200419.8994,83.85769851
1620,360000,342911.6007,95.25322241
1621,127500,131199.1178,97.09873117
1622,242000,265636.4315,90.23287955
1623,178000,182701.2254,97.35886215
1624,187500,201072.6981,92.7612277
1625,287000,387933.8479,64.8314119
1626,302000,265216.1672,87.81992293
1627,219210,226872.6811,96.50441082
1628,151000,166232.1549,89.91248021
1629,755000,633347.0341,83.88702438
1630,325300,323083.9503,99.31876737
1631,129900,119890.3522,92.29434352
1632,230000,205789.5139,89.47370171
1633,328900,271626.7201,82.58641535
1634,180000,219497.7053,78.0568304
1635,135500,122421.7045,90.34812139
1636,117000,125272.6088,92.92939421
1637,197000,205622.3103,95.62319275
1638,155000,171928.2859,89.07852525
1639,60000,64145.36782,93.09105363
1640,168500,169722.1806,99.27467029
1641,83000,100610.2209,78.78286633
1642,191000,204084.8682,93.14928369
1643,156000,150742.3658,96.62972164
1644,160000,135269.4244,84.54339028
1645,167500,147219.6409,87.89232295
1646,174900,157440.1448,90.01723546
1647,157900,128540.3969,81.40620448
1648,155000,137520.1945,88.72270615
1649,188000,191627.3592,98.07055364
1650,367294,345634.1599,94.10286034
1651,203000,203835.8537,99.58824941
1652,215000,203080.5477,94.45606868
1653,194201,218649.5088,87.41071943
1654,118000,128092.0115,91.44744792
1655,113000,99410.57075,87.97395642
1656,125000,126419.7885,98.86416918
1657,124000,128458.3472,96.40455873
1658,176000,157169.6203,89.30092065
1659,132000,129561.1299,98.1523711
1660,235000,247490.6878,94.68481371
1661,119900,117157.6461,97.71279911
1662,281213,304650.167,91.66568863
1663,372402,332988.4806,89.41640502
1664,306000,288306.1832,94.21770693
1665,310000,343938.9751,89.0519435
1666,118000,116787.8503,98.97275446
1667,221000,205762.9561,93.10541
1668,127000,137401.9506,91.80948774
1669,125000,122527.5775,98.02206199
1670,177500,167990.9087,94.64276544
1671,115000,132683.0096,84.62346994
1672,115000,110386.148,95.98795481
1673,217000,182793.3837,84.23658234
1674,139600,140167.0607,99.59379607
1675,95000,90275.68345,95.02703521
1676,212000,210546.3714,99.31432613
1677,110500,96556.95907,87.38186341
1678,156500,142270.6623,90.90777142
1679,145000,150742.3407,96.03976502
1680,147000,149778.8332,98.10963725
1681,179000,178860.4396,99.92203329
1682,130000,142515.3179,90.37283237
1683,132500,150021.8991,86.77592525
1684,136500,126102.3605,92.38268169
1685,160000,147450.0069,92.15625432
1686,143000,160545.652,87.73031328
1687,119000,136450.025,85.33611344
1688,208900,195949.4089,93.80057872
1689,201000,215274.7648,92.89812694
1690,87000,94095.93736,91.84375016
1691,274300,268009.4451,97.70668795
1693,169000,185769.6438,90.07713384
1694,290000,287533.3603,99.1494346
1695,271000,279147.7273,96.99345855
1696,466500,406649.521,87.17031532
1697,124500,140317.4863,87.2951917
1698,98000,126055.8081,71.37162437
1699,250000,266432.6136,93.42695455
1700,128500,134967.5747,94.96686791
1701,158000,175808.6794,88.72868393
1702,140000,140982.9025,99.29792677
1703,218000,178592.6146,81.92321772
1704,91300,88524.56152,96.96008928
1705,143500,155506.0145,91.63343935
1706,189000,212432.3717,87.60191972
1707,286000,273520.9006,95.63667852
1708,145250,135356.5632,93.1886838
1709,167900,162968.9808,97.06312139
1710,127000,139316.3447,90.3020908
1711,141000,131456.2843,93.2314073
1712,228000,246182.3488,92.0252856
1713,178740,186564.0521,95.62266301
1714,119000,117039.8757,98.35283671
1715,192000,213014.9927,89.05469132
1716,110000,142989.7851,70.00928631
1717,207500,242224.1601,83.26546502
1718,335000,271182.7092,80.95006244
1719,124000,126045.3528,98.35052197
1720,134000,151907.126,86.63647317
1721,125000,149471.3325,80.42293397
1722,123500,121988.7882,98.77634669
1723,136500,157280.2126,84.776401
1724,147500,150239.5737,98.14266189
1725,233170,219895.0723,94.30675999
1726,156000,152755.6217,97.92027033
1727,99500,123799.1346,75.57875917
1728,140000,170374.7157,78.3037745
1729,87500,85530.92174,97.74962485
1730,264561,264895.4322,99.87358977
1731,274900,286569.8531,95.75487339
1732,293077,320155.448,90.76063696
1733,189950,175944.8598,92.62693332
1734,112000,87336.19987,77.97874988
1735,123000,131448.5861,93.13123085
1736,210000,192260.4329,91.55258707
1737,179000,150014.2929,83.80686752
1738,158000,149770.7374,94.79160596
1739,190000,191389.1038,99.26889271
1740,127000,120964.9329,95.24797866
1741,165400,199045.9454,79.6578323
1742,80000,97752.14586,77.80981767
1743,215000,192735.2078,89.64428268
1744,148000,155879.8079,94.67580547
1745,163000,152486.5843,93.55005173
1746,135000,133147.4547,98.62774423
1747,295493,283133.7855,95.81742564
1748,87000,127575.2807,53.36174636
1749,239000,244135.1285,97.85141068
1750,262500,267593.8444,98.05948784
1751,93000,92147.27732,99.08309389
1752,135000,146060.5801,91.80697768
1753,168000,165042.1221,98.23935837
1754,113000,121396.397,92.56956016
1755,185000,165968.3881,89.7126422
1756,170000,159615.5963,93.89152724
1757,154300,128515.1149,83.28912179
1758,179200,177534.7619,99.07073766
1759,377500,339509.5589,89.93630699
1760,181000,156324.9123,86.36735486
1761,188000,144729.6841,76.9838745
1762,199900,233433.8468,83.22468893
1763,190000,172790.3795,90.94230498
1764,381000,365775.3381,96.00402574
1765,136000,143886.4872,94.20111233
1766,181000,185682.1847,97.41315761
1767,185000,173502.8154,93.78530561
1768,226000,222063.1028,98.25801007
1769,361919,352654.3282,97.44012561
1770,187000,179920.7757,96.21431854
1771,207500,188309.037,90.75134314
1772,132500,129412.1833,97.66957234
1773,190000,200596.3684,94.42296402
1774,165000,166567.9027,99.04975593
1775,227000,196946.8167,86.7607122
1776,214500,184276.2897,85.90969217
1777,176432,175282.5232,99.34848735
1778,226000,202489.1374,89.59696343
1779,106250,106195.1434,99.94837027
1780,67000,95672.70366,57.20491991
1781,172500,157313.5417,91.19625604
1782,263000,240991.3156,91.63167893
1783,212000,208739.185,98.4618797
1784,131000,135742.6384,96.37966533
1785,342643,364226.6628,93.70083067
1786,175000,159805.0016,91.31714376
1787,214900,210629.6143,98.01284983
1788,115000,166996.6458,54.78552538
1789,289000,241001.9484,83.39167766
1790,150750,146112.9491,96.92401268
1791,88000,95218.87399,91.7967341
1792,195000,204025.4122,95.37158351
1793,187000,178927.3809,95.68309137
1794,339750,252086.5833,74.19766985
1795,169900,159559.897,93.91400647
1796,124000,108866.5346,87.79559241
1797,84500,103812.2199,77.14530195
1798,129000,120090.2426,93.09321132
1799,142500,159625.3882,87.98218374
1800,174000,227632.2194,69.17688539
1801,180500,164763.0433,91.28146443
1802,270000,229147.4479,84.86942516
1803,233230,224949.6009,96.44968524
1804,197000,165970.5645,84.24901752
1805,129000,129271.2741,99.78971
1806,169990,174265.3256,97.48495466
1807,385000,307629.0819,79.90365763
1808,138000,137956.547,99.96851231
1809,155835,190435.8798,77.79646431
1810,144000,128647.0431,89.3382244
1811,138800,142600.1893,97.26211145
1812,160000,149851.4566,93.65716039
1813,82000,98857.52866,79.44203822
1814,423000,362898.4919,85.79160566
1815,232600,232593.0363,99.99700616
1816,92900,79083.06129,85.12708427
1817,204000,196361.3647,96.25557091
1818,126500,118401.6947,93.5981776
1819,176000,161793.0732,91.92788247
1820,163900,165106.3225,99.2639887
1821,117500,122225.3847,95.97839604
1822,219500,206535.0652,94.09342376
1823,144000,142723.6031,99.11361329
1824,119500,112088.0766,93.79755367
1825,241500,213225.0631,88.29195158
1826,197000,249338.9317,73.43201436
1827,229456,242898.7195,94.14148268
1828,133000,164085.8489,76.62718125
1829,395000,310601.538,78.63330075
1830,140000,142208.2986,98.42264384
1831,214000,232765.1627,91.23123237
1832,161500,154411.9521,95.61111587
1833,227000,267609.0339,82.11055775
1834,91000,105895.0637,83.63179816
1835,113000,115476.9627,97.80799759
1836,130000,187309.5238,55.91575092
1837,147000,152687.9009,96.13067963
1838,235000,165101.4316,70.25592833
1839,194500,200217.1973,97.06056692
1840,130000,121902.2135,93.77093343
1841,153900,166145.0971,92.0434717
1842,151000,151356.7736,99.76372609
1843,180000,165836.7047,92.1315026
1844,120500,115295.9276,95.68126769
1845,94750,120213.5707,73.12551907
1846,204900,204656.586,99.88120352
1847,170000,161403.3249,94.94313227
1848,270000,270494.8831,99.81670998
1849,167000,182005.8067,91.014487
1850,116000,112670.1619,97.12944995
1851,175900,180085.4726,97.62053863
1852,196500,194508.6237,98.98657693
1853,189000,169138.2678,89.49114698
1854,144000,137516.2507,95.4973963
1855,337500,329795.5303,97.71719418
1856,266500,253988.8122,95.30537043
1857,120000,119519.5591,99.59963262
1858,241000,205406.5092,85.23091668
1859,142000,143860.0101,98.69013372
1860,163000,188590.7265,84.30016778
1861,179000,190186.2746,93.75068461
1862,116900,139735.5631,80.46572873
1863,190000,179761.6232,94.61138062
1864,109500,113920.3993,95.96310568
1865,186700,209049.6463,88.02911284
1866,237000,260291.7694,90.17224918
1867,130500,129624.0676,99.32878742
1868,157000,152067.2641,96.85812998
1869,112500,114409.122,98.30300265
1870,122500,120006.9745,97.9648771
1871,102000,119624.5326,82.72104646
1872,202500,216234.8926,93.21733698
1873,94500,100560.9001,93.58634912
1874,39300,57786.79041,52.95982084
1875,240000,250697.6603,95.54264153
1876,155000,143632.3333,92.66602148
1877,180000,187714.2073,95.71432928
1878,175000,175256.2178,99.85358985
1879,230000,196548.3737,85.45581466
1880,97000,103584.8288,93.21151674
1881,98300,94903.2766,96.54453367
1882,180500,192033.5062,93.61024585
1883,440000,369010.106,83.86593317
1884,195400,199717.9374,97.79020603
1885,193879,200310.278,96.68283931
1886,114500,106314.5935,92.85117337
1887,205000,187590.8947,91.5077535
1888,137900,129213.294,93.70072081
1889,160200,178563.5672,88.53709915
1890,253000,222885.5989,88.09707466
1891,140000,164894.4401,82.21825709
1892,200000,223020.88,88.48955998
1893,180000,166732.9677,92.62942652
1894,92000,88408.24452,96.09591795
1895,174000,169337.0257,97.32012969
1896,234000,208604.7869,89.14734482
1897,120000,129341.4567,92.21545278
1898,174000,169189.3257,97.23524464
1899,117000,144970.4154,76.09366202
1900,269500,249250.3416,92.4862121
1901,177000,166613.0114,94.13164483
1902,301500,328469.2195,91.05498525
1903,115000,109902.0812,95.56702712
1904,162500,163813.9238,99.19143153
1905,225000,252639.6654,87.71570425
1906,194000,211978.7267,90.73261511
1907,93500,78086.74584,83.51523619
1908,271000,256233.3498,94.55105159
1909,169500,149411.709,88.14850088
1910,179665,183140.8488,98.06537234
1911,164990,195223.8443,81.67534742
1912,124900,148814.9671,80.85270845
1913,402861,386869.2126,96.03044539
1914,200141,206819.1303,96.66328725
1915,173000,187321.7952,91.72150568
1916,145000,120438.1073,83.06076367
1917,386250,380720.9993,98.5685435
1918,122000,112646.1452,92.33290593
1919,80500,77216.77165,95.92145546
1920,134000,142407.374,93.72584027
1921,178000,183999.9156,96.62926091
1922,281000,275124.9056,97.90921909
1923,167000,149961.2573,89.79716008
1924,133000,130126.7714,97.83967774
1925,140000,156298.3378,88.35833015
1926,109900,123227.1708,87.87336598
1927,110000,106946.9469,97.22449716
1928,133000,163956.629,76.72433909
1929,134800,130650.4354,96.92168797
1930,126000,132630.6501,94.73757926
1931,156000,148335.9788,95.0871659
1932,192000,232121.3746,79.10345075
1933,145000,156469.9871,92.08966405
1934,262500,273831.2381,95.68333786
1935,140000,185462.0396,67.52711456
1936,129900,137400.3647,94.22604717
1937,137500,186926.5938,64.05338633
1938,160000,161324.0144,99.17249097
1939,437154,506927.6274,84.03911952
1940,111250,124525.3516,88.06709966
1941,255000,227367.8398,89.16385875
1942,100000,113569.1631,86.43083687
1943,85500,81928.92409,95.82330302
1944,290000,320173.7444,89.59526056
1945,119500,126900.8793,93.8067956
1946,160000,147208.1425,92.00508905
1947,394617,384635.1825,97.47050494
1948,290000,320991.6715,89.31321672
1949,187750,197501.5116,94.80611898
1950,157500,153325.5804,97.34957487
1951,148000,137008.271,92.57315608
1952,181000,196965.8316,91.17909856
1953,153500,149968.1557,97.69912425
1954,135000,139466.208,96.69169778
1955,109500,100764.7805,92.02263055
1956,124500,105243.5593,84.53297938
1957,86000,97104.14181,87.0882072
1958,403000,334627.7014,83.03416909
1959,222500,228861.1213,97.14106906
1960,240000,223332.7078,93.05529491
1961,325624,308506.4056,94.74314105
1962,144000,147076.4779,97.86355701
1963,185000,204825.9202,89.28328636
1964,244000,328915.2488,65.19866851
1965,582933,393626.5034,67.52517072
1966,325000,320199.9622,98.52306529
1967,215000,189775.0305,88.26745607
1968,226000,223002.5781,98.67370714
1969,183500,198793.7248,91.66554508
1970,34900,81969.05914,-34.86836429
1971,73000,88876.79182,78.25097012
1972,112000,121506.3422,91.51219445
1973,108959,146280.6736,65.74704835
1974,176000,150915.1592,85.74724956
1975,139000,172757.7469,75.71385118
1976,115000,124400.6666,91.82550731
1977,113000,129877.8312,85.06386618
1978,204750,188228.9218,91.93109733
1979,185000,192750.2466,95.81067751
1980,235128,276400.7075,82.4467067
1981,144000,137888.8314,95.75613295
1982,172500,184858.5547,92.83562046
1983,156932,170437.4828,91.39405427
1984,345000,402481.0607,83.338823
1985,109000,139623.3105,71.90521971
1986,89500,111132.834,75.82923571
1987,165150,163679.4961,99.10959498
1988,369900,336470.7535,90.96262598
1989,60000,109683.8831,17.19352818
1990,190000,157496.9492,82.89313116
1991,182900,175633.3,96.02695463
1992,105000,112411.6471,92.94128852
1993,287000,230205.881,80.21110835
1994,250000,224130.7713,89.6523085
1995,135000,139576.6442,96.60989322
1996,451950,450590.9704,99.69929647
1997,260000,293411.3214,87.14949175
1998,106500,98337.20438,92.33540318
1999,171750,194121.4126,86.97443228
2000,195000,201368.5936,96.73405459
2001,220000,208752.0831,94.8873105
2002,188000,201672.0872,92.72761318
2003,153500,126218.1379,82.22679996
2004,316600,296655.1134,93.7002885
2005,260400,222422.6271,85.41575543
2006,110000,118977.3606,91.83876309
2007,302000,279677.8164,92.60854848
2008,75500,88370.80253,82.95257942
2009,225000,160701.6114,71.4229384
2010,101000,94328.92709,93.39497732
2011,159895,193491.5265,78.98838204
2012,272000,279675.9625,97.17795498
2013,310000,304433.153,98.2042429
2014,132000,136370.1955,96.6892458
2015,205000,242205.9196,81.85077091
2016,256300,267509.3241,95.626483
2017,179900,160318.5177,89.11535167
2018,250580,216654.7934,86.4613271
2019,250000,223310.3975,89.32415899
2020,165000,162890.7135,98.72164453
2021,202665,192026.8202,94.75085497
2022,244000,219791.5696,90.07851212
2023,37900,71930.04728,10.21095704
2024,313000,304701.2851,97.3486534
2025,164900,143670.7059,87.12595867
2026,175000,184628.4486,94.49802939
2027,91000,94427.50095,96.23351544
2028,145000,160190.5674,89.52374665
2029,169000,204268.9529,79.13079708
2030,196500,208361.3386,93.96369535
2031,311872,291222.3697,93.37881237
2032,271900,304701.6763,87.93612493
2033,269790,255305.8754,94.63133377
2034,233000,227908.9053,97.8149808
2035,89471,117420.4781,68.76141085
2036,174000,172685.8739,99.24475512
2037,268000,258274.5896,96.37111554
2038,377426,354141.3413,93.83066914
2039,178400,201915.6942,86.81855707
2040,227000,213488.1038,94.04762281
2041,178000,182224.3121,97.62679093
2042,215000,208299.6026,96.88353612
2043,239500,238040.7176,99.39069628
2044,248000,226917.3569,91.49893425
2045,143000,140825.8264,98.47959891
2046,206300,209686.7856,98.35832009
2047,139000,119259.9678,85.79853797
2048,104900,160793.5536,46.71729874
2049,320000,359585.2972,87.62959463
2050,145000,164517.998,86.5393117
2051,256000,218604.3202,85.39231258
2052,138887,154238.6557,88.94665755
2053,192000,199116.8873,96.29328784
2054,190000,209008.2896,89.99563707
2055,164500,158114.8122,96.11842686
2056,119000,120709.5451,98.56340745
2057,151400,220763.1936,54.18547317
2058,110500,134974.3949,77.8512263
2059,119500,126845.5521,93.85309449
2060,149000,146857.7818,98.5622697
2061,129900,152537.0877,82.57345056
2062,200500,184462.2648,92.00112956
2063,130000,111137.8363,85.49064327
2064,96500,104869.6048,91.32683437
2065,133900,127809.4363,95.45140871
2066,157000,190238.3686,78.82906461
2067,107400,131179.8782,77.85858639
2068,189000,181374.6726,95.96543522
2069,176000,189850.3421,92.13048747
2070,214000,226611.5251,94.10676397
2071,224500,248152.9376,89.46417031
2072,110000,127537.3046,84.05699578
2073,85000,88065.36219,96.39369154
2074,171000,188823.538,89.57687835
2075,107000,95812.43645,89.54433313
2076,178900,170936.1889,95.54845663
2077,163000,125918.8183,77.25080879
2078,52500,96608.14551,15.98448474
2079,117000,148197.281,73.3356573
2080,354000,349677.9015,98.77906823
2081,260000,241177.686,92.76064848
2082,162000,161382.9105,99.61908058
2083,185000,179243.6729,96.88847182
2084,307000,309363.028,99.23028404
2085,230000,213853.5044,92.97978451
2086,103200,101035.8659,97.90297086
2087,148000,152872.4962,96.70777285
2088,217500,186593.1482,85.7899532
2089,143000,154734.7801,91.79386008
2090,335000,323871.2464,96.67798399
2091,250000,266994.9008,93.20203967
2092,132000,129732.5383,98.28222595
2093,109900,124596.2357,86.62762905
2094,275000,315183.6463,85.387765
2095,118500,140250.9872,81.64473652
2096,275000,250080.0519,90.93820071
2097,139000,134651.306,96.87144315
2098,129500,194511.4271,49.79812581
2099,93000,116064.8556,75.19907997
2100,159500,237854.208,50.87510471
2101,135000,134796.3404,99.84914104
2102,239000,213091.1902,89.15949382
2103,83500,85029.64853,98.16808559
2104,171000,247736.9326,55.12460083
2105,121500,159255.3946,68.92560119
2106,165000,166093.2691,99.33741266
2107,372500,350662.347,94.13754283
2108,215000,235017.4279,90.68956841
2109,125000,128983.7662,96.81298708
2110,172400,182552.7085,94.11095796
2111,165500,197351.529,80.75436314
2112,174500,178449.763,97.73652548
2113,78000,92603.57259,81.27747104
2114,187500,201457.5236,92.55598742
2115,181000,183188.9753,98.79062138
2116,219500,177394.1248,80.81736893
2117,128000,131711.6381,97.10028274
2118,200624,266880.9328,66.97457296
2119,164500,171217.9973,95.91611104
2120,374000,327077.4601,87.45386633
2121,202900,201611.5758,99.36499548
2122,102776,107011.2889,95.87910706
2123,402000,360141.6407,89.58747281
2124,141000,180687.2838,71.8529902
2125,93000,102765.4267,89.49954115
2126,108500,103647.7091,95.52784249
2127,207500,194873.3544,93.91486961
2128,137000,159062.6684,83.89586251
2129,165000,151532.694,91.83799636
2130,107500,117841.8292,90.37969376
2131,127000,128238.4637,99.02483176
2132,104000,166616.2639,39.79205392
2133,222500,241247.2966,91.5742487
2134,248900,265659.8986,93.26641276
2135,115000,144547.0608,74.30690366
2136,236000,232357.1417,98.45641598
2137,147000,139376.9204,94.8142316
2138,254900,218336.6315,85.65579894
2139,260000,262694.5974,98.96361638
2140,207500,186568.3931,89.91247858
2141,200000,242605.5419,78.69722906
2142,129900,126814.5748,97.62476887
2143,81000,97838.39394,79.21185933
2144,172500,161817.9659,93.80751646
2145,179540,188234.0588,95.15759227
2146,188500,182960.6665,97.06136155
2147,280000,224664.53,80.23733215
2148,158500,155626.1049,98.186817
2149,256000,208898.7123,81.6010595
2150,210000,177828.2466,84.68011742
2151,129000,224603.3292,25.88889207
2152,112500,125923.3592,88.06812519
2153,235000,206432.6657,87.84368753
2154,149500,160014.2175,92.96707861
2155,175000,186127.0214,93.64170204
2156,91500,114944.7837,74.37728553
2157,320000,293519.226,91.72475811
2158,136905,139526.5881,98.08510423
2159,198500,192205.2224,96.82882738
2160,139000,143548.6847,96.72756494
2161,112000,117190.8672,95.36529713
2162,127000,136715.6706,92.34986565
2163,148500,138278.5535,93.11687103
2164,383970,346575.7046,90.26114138
2165,100000,101938.1084,98.06189163
2166,82500,107538.1603,69.65071479
2167,225000,234280.7156,95.87523752
2168,139000,136775.4706,98.39961917
2169,142000,145854.1415,97.28581585
2170,155900,144575.2565,92.73589256
2171,135500,137495.4653,98.52733186
2172,155000,161366.2422,95.89274697
2173,176500,178952.6879,98.61037514
2174,151000,148583.1534,98.39943933
2175,303477,323980.7621,93.24371793
2176,152000,146703.016,96.51514212
2177,280000,208024.4117,74.29443274
2178,285000,284600.3468,99.85977079
2179,89000,97761.53498,90.15557867
2180,35311,66460.19989,11.78612929
2181,193500,205832.9597,93.62637739
2182,177000,161156.3453,91.04878267
2183,285000,332041.7473,83.49412376
2184,134450,139623.7015,96.15195125
2185,142953,117416.0663,82.13613306
2186,40000,93753.2208,-34.383052
2187,79000,97940.63753,76.02450946
2188,185000,189309.6345,97.67046784
2189,143250,133558.3787,93.23447027
2190,312500,303536.0458,97.13153464
2191,145000,154190.152,93.66196417
2192,172500,167226.0862,96.94265864
2193,119000,119836.6225,99.29695584
2194,213490,192367.7531,90.10621253
2195,144152,152542.9543,94.17909267
2196,115000,134503.0935,83.04078828
2197,176500,195790.3274,89.07063605
2198,335000,276028.0622,82.39643647
2199,284000,263072.6469,92.63121368
2200,129500,125695.967,97.0625228
2201,206000,193104.1275,93.7398677
2202,395192,403238.2111,97.9639742
2203,181000,164518.96,90.89445301
2204,196000,177426.4137,90.52368045
2205,150000,164850.8773,90.09941511
2206,149700,155791.5389,95.93083574
2207,190000,181116.8098,95.32463671
2208,290000,284334.3356,98.04632262
2209,250000,251731.2328,99.30750689
2210,225000,220387.852,97.95015646
2211,138500,143261.6542,96.56198253
2212,415298,359192.7267,86.49035794
2213,140000,142691.813,98.07727646
2214,157000,158620.6155,98.96776083
2215,240000,250318.6676,95.70055516
2216,163500,175316.0729,92.77304412
2217,160000,170325.4678,93.54658265
2218,133700,107876.1211,80.68520653
2219,210000,212710.3997,98.70933346
2220,157000,149551.9538,95.25602154
2221,118500,126542.1309,93.21339162
2222,340000,282451.8816,83.07408283
2223,116500,124168.6363,93.41747958
2224,197000,213701.1728,91.52224729
2225,132250,153035.2076,84.28339688
2226,133000,116307.9145,87.4495598
2227,251000,266079.497,93.99223229
2228,147400,156517.7961,93.8142496
2229,325000,348314.5407,92.82629517
2230,72500,73182.4701,99.05866193
2231,156000,147031.8707,94.25119914
2232,119000,119062.7994,99.94722736
2233,230000,242548.6493,94.5440655
2234,162000,162205.3421,99.87324559
2235,181000,183657.6713,98.53167331
2236,135000,153584.3348,86.23382606
2237,142500,144176.4236,98.82356241
2238,147000,140651.8698,95.6815441
2239,148000,142088.1903,96.00553399
2240,120500,113831.0782,94.46562509
2241,189000,193889.6714,97.41287225
2242,210000,230420.0844,90.2761503
2243,166000,120108.6765,72.35462439
2244,177000,167197.3433,94.46177587
2245,315000,349173.3878,89.15130546
2246,118400,110330.7899,93.18478874
2247,153000,170424.1361,88.61167577
2248,248000,213873.1832,86.23918677
2249,153500,164440.707,92.87250359
2250,254000,219091.2016,86.25637857
2251,132500,134931.7544,98.16471369
2252,126175,113000.5349,89.5585773
2253,125000,110450.4169,88.36033351
2254,208300,189573.9433,91.0100544
2255,125500,127360.0191,98.51791304
2256,180000,292158.5716,37.68968242
2257,131500,141556.0826,92.3527889
2258,278000,248646.8543,89.44131448
2259,135000,127166.4214,94.19734916
2260,149350,140725.323,94.22519119
2261,175000,161299.7386,92.1712792
2262,142000,133225.3948,93.82070053
2263,60000,61393.0464,97.678256
2264,179600,193082.7988,92.49287371
2265,219500,241963.8255,89.76591092
2266,231500,200285.4294,86.51638421
2267,171900,164801.6798,95.87066885
2268,245350,260778.5848,93.71160189
2269,127000,111982.996,88.17558741
2270,155000,143134.1682,92.34462464
2271,87000,114031.9544,68.92878802
2272,106000,111935.078,94.40086981
2273,107500,146166.4676,64.03119292
2274,317000,316397.1967,99.80984122
2275,142125,130015.4741,91.47966516
2276,164000,176436.6959,92.41664884
2277,143000,144383.4817,99.03253031
2278,239000,216425.5667,90.55463042
2279,319000,295306.5347,92.5725814
2280,215000,209326.1019,97.36097764
2281,102000,108672.8826,93.45795819
2282,555000,612616.4062,89.61866555
2283,276000,355031.2364,71.36549408
2284,185000,173640.0123,93.8594661
2285,110000,135280.2266,77.01797581
2286,215000,232355.4323,91.9277059
2287,207500,205201.0982,98.8920955
2288,124000,126778.3494,97.75939565
2289,144000,147746.1347,97.3985176
2290,144500,150949.5977,95.5366106
2291,230000,219070.5091,95.24804745
2292,153337,158556.6382,96.59596953
2293,171000,157709.4694,92.22775989
2294,235000,291349.9829,76.02128388
2295,137000,134583.0693,98.23581698
2296,126000,112948.8392,89.6419359
2297,123000,125134.2158,98.26486523
2298,139000,125297.1055,90.14180251
2299,158000,192765.5811,77.99646767
2300,129000,129430.3541,99.6663922
2301,154500,157803.8268,97.8616008
2302,52000,84401.53675,37.68935241
2303,86000,89211.95851,96.26516452
2304,193500,197302.8756,98.03468964
2305,159500,145814.9129,91.42000809
2306,124500,126600.2214,98.31307515
2307,194700,175041.4064,89.90313629
2308,200000,164386.2807,82.19314033
2309,150500,147451.5436,97.97444755
2310,333168,341564.8602,97.47969187
2311,110000,130735.6454,81.14941325
2312,115000,110270.2447,95.88716934
2313,263435,225410.0043,85.56570095
2314,394432,346659.9256,87.88838776
2315,137000,127241.5362,92.87703371
2316,103600,118524.0989,85.5944991
2317,107000,119072.4973,88.71729228
2318,115000,111030.2178,96.54801547
2319,116000,117233.2754,98.93683154
2320,194000,191077.9813,98.49380477
2321,239900,215319.9095,89.75402645
2322,311500,204877.2527,65.77118867
2323,113000,143789.0718,72.75303382
2324,176485,206659.633,82.90243762
2325,103000,104271.7118,98.76532831
2326,192000,199659.0617,96.01090537
2327,143500,140826.5501,98.13696869
2328,184000,179820.6772,97.72862891
2329,93500,127340.7621,63.80667158
2330,180000,183656.7057,97.96849682
2331,255000,254601.9752,99.84391182
2332,155000,156473.897,99.04909873
2333,145000,131813.2728,90.90570536
2334,167500,142441.9436,85.03996636
2335,90000,81229.25525,90.25472805
2336,149000,140743.2135,94.45853257
2337,228950,209004.105,91.28810002
2338,200500,205623.9703,97.44440385
2339,130000,128446.1485,98.80472964
2340,112000,162273.8768,55.11260997
2341,173000,173890.0146,99.4855407
2342,141000,109516.0535,77.67095993
2343,209500,234206.6151,88.20686631
2344,410000,368870.6394,89.96844863
2345,87000,87656.16594,99.24578627
2346,185000,189627.9206,97.49842129
2347,105000,115179.8284,90.3049253
2348,200000,210217.6292,94.89118542
2349,125000,133870.9969,92.90320244
2350,80000,85765.82575,92.79271781
2351,187100,203119.0871,91.43822174
2352,348000,319125.7549,91.70280314
2353,100000,117549.1093,82.4508907
2354,110000,137032.4733,75.42502423
2355,163990,171511.4093,95.41349518
2356,105000,114671.1678,90.78936404
2357,117500,170161.4979,55.1817039
2358,194500,190631.6962,98.01115484
2359,266000,291003.6397,90.60013544
2360,224000,214210.4125,95.62964845
2361,223500,211003.65,94.40879194
2362,192500,208482.4927,91.69740637
2363,143000,149802.7116,95.24285901
2364,282922,241622.4698,85.40250308
2365,135750,119087.125,87.72532227
2366,283463,287682.3076,98.51151382
2367,143750,136367.163,94.86411339
2368,285000,308586.3232,91.72409714
2369,123000,124900.4332,98.45493232
2370,177000,170521.2605,96.33969517
2371,556581,434100.121,77.99406034
2372,181900,163805.4658,90.05248259
2373,194000,200637.3886,96.57866567
2374,178000,177310.3135,99.61253565
2375,192000,193827.5054,99.04817429
2376,294000,275986.7509,93.87304451
2377,230000,179040.2168,77.84357253
2378,167500,219318.7971,69.06340475
2379,140000,145873.6422,95.80454131
2380,122900,120340.4687,97.91738707
2381,160000,159102.1207,99.43882547
2382,187500,208052.4197,89.03870948
2383,318000,296353.1577,93.19281688
2384,119900,123190.191,97.25588744
2385,136500,143673.5378,94.74466093
2386,205000,227637.7488,88.95719572
2387,222000,226147.0068,98.13197894
2388,108480,116543.1228,92.56718033
2389,137000,128350.0526,93.68616975
2390,153000,152510.5229,99.68008031
2391,177500,167794.4222,94.53206885
2392,128500,125558.0167,97.71051885
2393,341000,348307.6636,97.85699015
2394,185500,190926.6139,97.07460168
2395,145000,123859.4716,85.42032526
2396,131400,135881.5148,96.58941033
2397,197900,214840.6471,91.4397943
2398,207000,189676.9867,91.63139452
2399,226700,217052.0041,95.74415709
2400,213000,216408.2162,98.39989848
2401,141000,145509.3814,96.80185719
2402,180500,161220.4521,89.31881
2403,149900,144073.5082,96.11308088
2404,485000,407775.6611,84.0774559
2405,88000,113664.6384,70.83563819
2406,280000,278376.9958,99.42035566
2407,167240,194300.0684,83.81961947
2408,125500,124976.6652,99.58300013
2409,272000,271099.3515,99.66887923
2410,239799,238735.8363,99.55664381
2411,426000,377057.3404,88.51111276
2412,305900,314564.3879,97.16757507
2413,106500,100449.5286,94.31880624
2414,165000,164200.0308,99.5151702
2415,140000,171919.7903,77.20014978
2416,130000,186926.5938,56.21031246
2417,89500,94513.68892,94.39811294
2418,195000,206980.2013,93.85630701
2419,138500,118737.2699,85.7308808
2420,155000,188049.5671,78.67769863
2421,142600,139555.9913,97.86535155
2422,139000,134523.9864,96.77984631
2423,179900,169438.0347,94.18456627
2424,149000,179685.5489,79.4056719
2425,134000,118781.8992,88.64320835
2426,171000,169547.9475,99.15084648
2427,100000,120859.1506,79.14084938
2428,190000,197574.8601,96.01323151
2429,378500,404532.145,93.12228667
2430,180000,160812.9142,89.34050786
2431,130000,131662.5208,98.72113788
2432,137450,166192.9468,79.08843449
2433,146000,143443.9534,98.24928317
2434,202500,214049.8135,94.29638838
2435,265979,280958.2769,94.36824828
2436,86000,98464.9542,85.50586721
2437,175500,186820.7682,93.54941984
2438,193000,217427.1379,87.34345187
2439,201000,237422.9575,81.87912564
2440,265000,278867.4225,94.76701036
2441,170000,172124.8282,98.75010106
2442,97000,125728.1393,70.38336152
2443,91500,108924.2046,80.95715343
2444,105500,120109.3475,86.1522772
2445,133500,126843.8847,95.01414585
2446,200000,211854.9412,94.07252938
2447,119200,114182.5529,95.79073232
2448,211000,192145.0296,91.06399505
2449,146500,166412.4951,86.40785317
2450,110000,99416.37085,90.37851896
2451,135000,130547.5698,96.70190354
2452,175000,174270.4824,99.58313277
2453,136500,131989.4389,96.69555963
2454,136000,181998.5744,66.17751884
2455,225000,206791.7538,91.90744613
2456,191000,197432.9223,96.63197783
2457,79000,95074.46689,79.65257355
2458,189000,191643.4437,98.60135255
2459,221000,210120.9194,95.07733908
2460,129000,128048.8112,99.26264434
2461,180000,204526.1117,86.3743824
2462,264132,257889.3041,97.63652419
2463,66500,98822.9504,51.39405954
2464,250000,220996.3614,88.39854455
2465,135000,159524.6219,81.83361339
2466,172500,220848.4758,71.97189808
2467,55000,89899.32523,36.54668141
2468,123000,136073.6337,89.37102955
2469,229000,240448.1015,95.00082902
2470,110000,107541.0507,97.76459155
2471,145000,162399.2429,88.00052216
2472,55000,73156.23947,66.9886555
2473,155000,158770.7284,97.56727198
2474,213500,217853.8575,97.96072248
2475,82500,184882.5093,-24.10001127
2476,122000,144366.238,81.667018
2477,143900,150114.2199,95.68157061
2478,131000,163425.8745,75.24742405
2479,162000,161177.1263,99.4920533
2480,76000,100671.2698,67.53780294
2481,139500,151980.7501,91.05322572
2482,141000,149419.3779,94.02880997
2483,80000,105521.5825,68.09802183
2484,140000,145766.0057,95.88142449
2485,275000,219698.7406,79.89045114
2486,153000,137576.8693,89.91952241
2487,190000,182037.8233,95.80938067
2488,152000,172644.6724,86.41797869
2489,240000,253144.0153,94.52332698
2490,206900,208408.7588,99.27077872
2491,127500,146285.1933,85.26651503
2492,140000,164580.1785,82.44272967
2493,136000,145050.3785,93.34530995
2494,305000,315156.627,96.66995836
2495,125000,133260.1013,93.39191899
2496,129000,110543.7536,85.69283223
2497,242000,301779.9239,75.29755211
2498,212900,225980.3739,93.85609494
2499,245000,260840.3274,93.53456025
2500,96500,99099.49266,97.30622522
2501,191000,248441.1783,69.92608468
2502,190000,194772.3059,97.48826006
2503,104900,119533.0588,86.05046821
2504,129500,131816.502,98.21119537
2505,128000,132924.2213,96.15295208
2506,179900,227444.1266,73.57191407
2507,181134,206765.9643,85.84917008
2508,133000,144712.335,91.19373307
2509,118000,113644.3683,96.30878672
2510,84500,143517.24,30.15711245
2511,314813,328477.225,95.65957409
2512,84900,100983.7261,81.0556819
2513,160000,163631.4146,97.73036588
2514,123600,127196.3542,97.09032832
2515,101800,109109.6502,92.81959701
2516,205000,201130.3343,98.1123582
2517,220000,232747.3107,94.20576787
2518,175000,194185.44,89.0368914
2519,84000,82673.64241,98.42100287
2520,119000,131760.4841,89.27690408
2521,301000,267054.6152,88.72246353
2522,68400,96220.63693,59.3265542
2523,190000,187214.9641,98.53419161
2524,85000,108007.2384,72.93266075
2525,113000,108033.5809,95.60493889
2526,220000,189716.3284,86.23469472
2527,140000,133217.6787,95.15548482
2528,200000,185800.3501,92.90017506
2529,140000,141077.0478,99.23068014
2530,184000,186052.1909,98.88467885
2531,134900,130479.6506,96.72323988
2532,241500,224947.8084,93.14609042
2533,99900,108298.4846,91.59310852
2534,130000,167865.2135,70.87291271
2535,109900,90578.72996,82.41922653
2536,227875,228045.6853,99.92509695
2537,132000,137128.3802,96.1148635
2538,133900,206637.5008,45.67774399
2539,196000,193869.8117,98.91316924
2540,236500,247050.6283,95.53884638
2541,145000,135207.486,93.24654209
2542,80000,81901.45241,97.62318449
2543,120000,136657.6721,86.1186066
2544,161750,146210.0139,90.39258973
2545,232000,250952.0543,91.83101108
2546,174000,163931.2635,94.21336981
2547,109008,117666.9455,92.05659632
2548,137000,134537.193,98.20233065
2549,290000,291154.9798,99.60173111
2550,120000,135979.5343,86.6837214
2551,208500,203888.5814,97.78828844
2552,258000,269330.5841,95.60830074
2553,168500,161907.3327,96.08743778
2554,220000,237325.9363,92.12457443
2555,259500,225288.6546,86.81643721
2556,140000,154499.8837,89.64294023
2557,224900,208172.333,92.56217562
2558,165000,164051.4079,99.4250957
2559,168500,153187.249,90.91231394
2560,124000,140002.1934,87.09500532
2561,144500,146234.4048,98.79971988
2562,231500,211271.3718,91.26193168
2563,135000,185222.2422,62.79833914
2564,166000,156761.4953,94.43463571
2565,216500,196880.7678,90.93799896
2566,174000,199740.5395,85.20658649
2567,67000,71232.84495,93.68232098
2568,140000,117817.2099,84.1551499
2569,213000,206740.3945,97.06121805
2570,239000,295248.8623,76.46491119
2571,114504,127422.473,88.71788498
2572,140200,150291.3028,92.80220911
2573,144000,176092.3723,77.71363032
2574,167000,175467.7045,94.92951824
2575,159000,158353.4171,99.59334407
2576,501837,428138.8526,85.31432569
2577,137500,142692.3923,96.22371469
2578,82000,78205.69887,95.37280351
2579,157000,142761.9685,90.93119011
2580,184100,168842.48,91.71237371
2581,127500,117167.9401,91.89642363
2582,124900,121228.5436,97.06048324
2583,129000,108167.4906,83.85076791
2584,143000,126938.5373,88.7682079
2585,128000,144554.9116,87.06647532
2586,275000,264356.1468,96.12950794
2587,235000,240595.6929,97.61885407
2588,135000,125781.1968,93.17125685
2589,155000,145579.3192,93.92214139
2590,139000,136777.0389,98.40074739
2591,79900,132077.6987,34.69624696
2592,203000,205859.7346,98.59126377
2593,110000,119373.0429,91.47905195
2594,185850,193287.8669,95.99791935
2595,214000,230020.8104,92.51363998
2596,144000,147931.8654,97.26953794
2597,275500,227954.3327,82.74204454
2598,118858,118782.5757,99.93654253
2599,145000,145729.4718,99.49691601
2600,223000,190295.0351,85.33409646
2601,117000,118447.1797,98.76309431
2602,143000,144554.7199,98.91278328
2603,197500,177264.4988,89.75417662
2604,147000,147158.5231,99.89216116
2605,194500,196274.7554,99.08752934
2606,132500,134821.9616,98.24757615
2607,182000,211849.6777,83.59907821
2608,130000,123471.1858,94.97783522
2609,127500,127884.3335,99.69856198
2610,106000,120840.3737,85.99964745
2611,150000,149739.6727,99.82644848
2612,155000,150101.3206,96.83956168
2613,157900,155646.7999,98.57302083
2614,261500,255155.2319,97.57370244
2615,201800,203468.4707,99.1732058
2616,148500,150766.8657,98.47349111
2617,145000,155085.1234,93.04474247
2618,143000,186789.9411,69.37766358
2619,198900,219858.2966,89.46289762
2620,155000,169835.6879,90.42858845
2621,170000,178831.4666,94.80501964